date,net_value,return,drawdown
20210104,1.0040373,,0.0
20210105,1.0013523,-0.0026741624,0.0026741624
20210106,0.9961616,-0.0051836967,0.007844031
20210107,1.0213425,0.025277972,0.0
20210108,0.99170405,-0.029019117,0.029019117
20210111,0.9730459,-0.018814266,0.047287405
20210112,0.9879981,0.015366435,0.03264761
20210113,0.9817233,-0.0063510537,0.0387913
20210114,0.9871578,0.005535722,0.033470333
20210115,0.98319,-0.004019439,0.037355244
20210118,0.98464954,0.0014845133,0.035926223
20210119,0.9802601,-0.004457891,0.040223956
20210120,1.0001012,0.020240664,0.020797431
20210121,1.0246955,0.024591804,0.0
20210122,1.006033,-0.018212795,0.018212795
20210125,1.0123256,0.0062549114,0.012071729
20210126,1.0776728,0.06455159,0.0
20210127,1.1119478,0.03180456,0.0
20210128,1.1120647,0.00010514259,0.0
20210129,1.0921851,-0.017876267,0.017876267
20210201,1.052573,-0.03626871,0.05349666
20210202,1.0386784,-0.013200581,0.065991044
20210203,1.029676,-0.008667231,0.07408631
20210204,1.0003626,-0.02846849,0.10044569
20210205,0.9952731,-0.0050876737,0.10502231
20210208,1.0305619,0.03545642,0.07328963
20210209,1.0641502,0.032592177,0.043086052
20210210,1.0986164,0.03238845,0.012093127
20210218,1.1286199,0.027310252,0.0
20210219,1.1428996,0.012652397,0.0
20210222,1.1487987,0.005161524,0.0
20210223,1.1229377,-0.022511363,0.022511363
20210224,1.1304513,0.006691098,0.015970945
20210225,1.1755815,0.039922237,0.0
20210226,1.166097,-0.008067846,0.008067846
20210301,1.1664019,0.00026142597,0.007808566
20210302,1.1763647,0.008541465,0.0
20210303,1.2091057,0.027832389,0.0
20210304,1.2151685,0.005014181,0.0
20210305,1.2046477,-0.008657932,0.008657932
20210308,1.2046477,0.0,0.008657932
20210309,1.2046477,0.0,0.008657932
20210310,1.2046477,0.0,0.008657932
20210311,1.224325,0.016334414,0.0
20210312,1.2273009,0.0024306774,0.0
20210315,1.2312078,0.0031833649,0.0
20210316,1.2185241,-0.010301888,0.010301888
20210317,1.1989464,-0.01606679,0.026203096
20210318,1.1835287,-0.0128593445,0.038725555
20210319,1.1789844,-0.003839612,0.042416453
20210322,1.2178425,0.032958865,0.010855496
20210323,1.2340087,0.013274431,0.0
20210324,1.2799176,0.037203074,0.0
20210325,1.2153085,-0.050479054,0.050479054
20210326,1.2222792,0.005735755,0.04503292
20210329,1.2154763,-0.0055657625,0.050348043
20210330,1.2094429,-0.004963815,0.055061936
20210331,1.2063048,-0.0025946498,0.057513714
20210401,1.2158825,0.007939696,0.05003059
20210402,1.227065,0.009196997,0.0412938
20210406,1.2322367,0.0042147636,0.03725308
20210407,1.2342006,0.001593709,0.03571868
20210408,1.2358875,0.0013668537,0.0344007
20210409,1.2397422,0.0031188726,0.031389058
20210412,1.2335922,-0.004960716,0.036194086
20210413,1.221901,-0.009477258,0.04532832
20210414,1.2256122,0.0030372143,0.04242885
20210415,1.2205318,-0.0041451454,0.046398103
20210416,1.2468764,0.02158451,0.02581513
20210419,1.2334398,-0.010776162,0.036313117
20210420,1.2188911,-0.011795163,0.04767996
20210421,1.2254094,0.0053477287,0.04258728
20210422,1.2159404,-0.0077272654,0.04998541
20210423,1.2776451,0.05074656,0.0017755032
20210426,1.2371378,-0.031704664,0.0334239
20210427,1.2371378,0.0,0.0334239
20210428,1.2331772,-0.003201425,0.036518276
20210429,1.2306874,-0.0020189881,0.038463593
20210430,1.2597365,0.023604035,0.015767455
20210506,1.2819405,0.017625809,0.0
20210507,1.2798979,-0.0015932918,0.0015932918
20210510,1.3128524,0.025747776,0.0
20210511,1.3128524,0.0,0.0
20210512,1.3901736,0.058895588,0.0
20210513,1.4479551,0.041564345,0.0
20210514,1.4284647,-0.013460696,0.013460696
20210517,1.4404788,0.008410573,0.0051633716
20210518,1.4339498,-0.004532516,0.009672463
20210519,1.4339498,0.0,0.009672463
20210520,1.4339498,0.0,0.009672463
20210521,1.4835069,0.034559846,0.0
20210524,1.5009671,0.011769533,0.0
20210525,1.5009671,0.0,0.0
20210526,1.5009671,0.0,0.0
20210527,1.4932175,-0.005163133,0.005163133
20210528,1.480936,-0.008224785,0.01334548
20210531,1.4825537,0.0010923147,0.012267709
20210601,1.4828547,0.00020301342,0.012067139
20210602,1.4770331,-0.0039259195,0.015945733
20210603,1.4834129,0.00431931,0.011695325
20210604,1.4630939,-0.013697445,0.025232553
20210607,1.4435762,-0.013339996,0.038235962
20210608,1.4435762,0.0,0.038235962
20210609,1.5085225,0.044989824,0.0
20210610,1.5425919,0.022584677,0.0
20210611,1.5409257,-0.0010800958,0.0010800958
20210615,1.5409257,0.0,0.0010800958
20210616,1.5409257,0.0,0.0010800958
20210617,1.5409257,0.0,0.0010800958
20210618,1.5265946,-0.009300292,0.010370374
20210621,1.5297103,0.002040863,0.00835067
20210622,1.5148385,-0.009721994,0.017991483
20210623,1.50107,-0.009089053,0.02691698
20210624,1.50107,0.0,0.02691698
20210625,1.5367519,0.023770928,0.0037858486
20210628,1.5524586,0.010220766,0.0
20210629,1.5469669,-0.0035374165,0.0035374165
20210630,1.522858,-0.015584588,0.01906693
20210701,1.522858,0.0,0.01906693
20210702,1.5231569,0.00019621849,0.018874407
20210705,1.5156165,-0.004950464,0.02373147
20210706,1.5081681,-0.0049144626,0.028529286
20210707,1.4944444,-0.009099603,0.03736931
20210708,1.480782,-0.009142101,0.046169758
20210709,1.4919163,0.007519126,0.03899771
20210712,1.4904405,-0.0009891987,0.039948344
20210713,1.4979275,0.0050233603,0.035125613
20210714,1.5215155,0.01574707,0.019931734
20210715,1.5013822,-0.01323235,0.032900333
20210716,1.5180424,0.011096597,0.022168815
20210719,1.5088878,-0.0060305595,0.028065741
20210720,1.5088878,0.0,0.028065741
20210721,1.5088878,0.0,0.028065741
20210722,1.5127491,0.0025590658,0.025578499
20210723,1.5301081,0.011475205,0.014396846
20210726,1.5301081,0.0,0.014396846
20210727,1.5301081,0.0,0.014396846
20210728,1.5099572,-0.013169587,0.02737689
20210729,1.5403311,0.020115733,0.0078117847
20210730,1.5146137,-0.016695976,0.024377406
20210802,1.5146137,0.0,0.024377406
20210803,1.5454354,0.020349503,0.004523933
20210804,1.5720168,0.017199993,0.0
20210805,1.5719956,-1.347065e-05,1.347065e-05
20210806,1.5322642,-0.025274515,0.025287628
20210809,1.5352603,0.00195539,0.02338177
20210810,1.5590806,0.015515447,0.008229077
20210811,1.5633081,0.0027115345,0.0055398345
20210812,1.5633081,0.0,0.0055398345
20210813,1.5858091,0.01439321,0.0
20210816,1.5840108,-0.0011339784,0.0011339784
20210817,1.5860914,0.001313448,0.0
20210818,1.6196988,0.021188736,0.0
20210819,1.6109678,-0.005390525,0.005390525
20210820,1.5828389,-0.017460823,0.022757232
20210823,1.6470039,0.040537953,0.0
20210824,1.6755753,0.017347455,0.0
20210825,1.648099,-0.016398132,0.016398132
20210826,1.7036722,0.03371954,0.0
20210827,1.6718142,-0.018699586,0.018699586
20210830,1.6705787,-0.000739038,0.019424796
20210831,1.6853124,0.008819461,0.010776579
20210901,1.7127078,0.016255379,0.0
20210902,1.7172818,0.0026706457,0.0
20210903,1.7330184,0.009163618,0.0
20210906,1.7330184,0.0,0.0
20210907,1.7330184,0.0,0.0
20210908,1.7160617,-0.00978446,0.00978446
20210909,1.7173064,0.0007252693,0.009066284
20210910,1.7173064,0.0,0.009066284
20210913,1.7145907,-0.0015813708,0.01063329
20210914,1.7447234,0.01757431,0.0
20210915,1.763695,0.010873675,0.0
20210916,1.767997,0.0024392605,0.0
20210917,1.7401019,-0.015777767,0.015777767
20210922,1.7253022,-0.008505106,0.024148703
20210923,1.7222881,-0.0017470121,0.025853515
20210924,1.7543783,0.018632293,0.007702887
20210927,1.8611543,0.06086254,0.0
20210928,1.8683834,0.0038841963,0.0
20210929,1.9115175,0.02308631,0.0
20210930,1.9115175,0.0,0.0
20211008,1.9115175,0.0,0.0
20211011,2.054981,0.07505214,0.0
20211012,2.011035,-0.021385133,0.021385133
20211013,1.9773189,-0.016765535,0.037792146
20211014,2.0323722,0.027842402,0.011001945
20211015,2.0074086,-0.012282968,0.023149788
20211018,2.0500991,0.02126646,0.0023756027
20211019,2.0500991,0.0,0.0023756027
20211020,2.0585346,0.004114628,0.0
20211021,2.0787573,0.009823799,0.0
20211022,2.043288,-0.017062724,0.017062724
20211025,2.068711,0.012442231,0.004832804
20211026,2.0642421,-0.0021602511,0.0069826245
20211027,2.0915742,0.013240695,0.0
20211028,2.0334463,-0.02779144,0.02779144
20211029,2.04328,0.0048359632,0.023089945
20211101,2.0771465,0.016574621,0.006897986
20211102,2.063063,-0.0067802668,0.013631523
20211103,2.0570176,-0.0029302835,0.016521811
20211104,2.0799487,0.0111477375,0.0055582523
20211105,2.0938714,0.006693721,0.0
20211108,2.1256278,0.015166402,0.0
20211109,2.1035988,-0.010363519,0.010363519
20211110,2.128416,0.011797547,0.0
20211111,2.1620562,0.015805244,0.0
20211112,2.1353328,-0.012360156,0.012360156
20211115,2.1364932,0.00054347515,0.011823475
20211116,2.1364932,0.0,0.011823475
20211117,2.1388521,0.0011041164,0.010732412
20211118,2.0837266,-0.025773406,0.036229193
20211119,2.0836575,-3.3199787e-05,0.0362612
20211122,2.116009,0.015526295,0.021297872
20211123,2.097248,-0.008866191,0.029975235
20211124,2.149709,0.025014162,0.00571084
20211125,2.1065953,-0.020055592,0.025651932
20211126,2.1052837,-0.0006225705,0.026258528
20211129,2.1247444,0.009243727,0.017257571
20211130,2.1655195,0.01919055,0.0
20211201,2.1731875,0.0035409927,0.0
20211202,2.1447375,-0.013091385,0.013091385
20211203,2.1286447,-0.0075033903,0.020496547
20211206,2.112875,-0.007408321,0.027752995
20211207,2.112875,0.0,0.027752995
20211208,2.1449962,0.0152026415,0.012972355
20211209,2.144764,-0.000108242035,0.013079226
20211210,2.1756113,0.014382601,0.0
20211213,2.2065623,0.014226317,0.0
20211214,2.2064898,-3.284216e-05,3.284216e-05
20211215,2.183712,-0.010323107,0.010355592
20211216,2.1749868,-0.0039955378,0.014309764
20211217,2.1721725,-0.0012939572,0.015585184
20211220,2.1721725,0.0,0.015585184
20211221,2.1721725,0.0,0.015585184
20211222,2.1792407,0.0032539368,0.012381971
20211223,2.1744082,-0.0022175312,0.014572024
20211224,2.1744082,0.0,0.014572024
20211227,2.146028,-0.013051927,0.027433753
20211228,2.1953557,0.022985578,0.0050787926
20211229,2.2282968,0.015004873,0.0
20211230,2.2503328,0.009889245,0.0
20211231,2.2503328,0.0,0.0
20220104,2.2503328,0.0,0.0
20220105,2.2503328,0.0,0.0
20220106,2.2503328,0.0,0.0
20220107,2.2503328,0.0,0.0
20220110,2.2877579,0.016630888,0.0
20220111,2.2633824,-0.0106547475,0.0106547475
20220112,2.2786438,0.006742716,0.0039837956
20220113,2.2870638,0.0036951303,0.00030338764
20220114,2.2870638,0.0,0.00030338764
20220117,2.2870638,0.0,0.00030338764
20220118,2.2870638,0.0,0.00030338764
20220119,2.2654276,-0.00946027,0.009760797
20220120,2.2600274,-0.002383709,0.01212126
20220121,2.2680023,0.0035287142,0.008635342
20220124,2.3332913,0.028787017,0.0
20220125,2.3518326,0.007946372,0.0
20220126,2.3964868,0.01898694,0.0
20220127,2.3461423,-0.021007597,0.021007597
20220128,2.363377,0.007346034,0.013815939
20220207,2.372419,0.003825903,0.010042906
20220208,2.3827834,0.004368663,0.005718112
20220209,2.430186,0.019893765,0.0
20220210,2.4263744,-0.0015684366,0.0015684366
20220211,2.363342,-0.025978029,0.027505696
20220214,2.3581765,-0.0021857023,0.029631317
20220215,2.3776715,0.008266926,0.021609247
20220216,2.3500571,-0.011614025,0.032972336
20220217,2.3500571,0.0,0.032972336
20220218,2.4507468,0.042845607,0.0
20220221,2.530215,0.03242612,0.0
20220222,2.5888195,0.023161888,0.0
20220223,2.5672536,-0.008330405,0.008330405
20220224,2.4934716,-0.028739631,0.036830664
20220225,2.4772496,-0.0065057874,0.04309684
20220228,2.4760134,-0.0004990101,0.043574333
20220301,2.477578,0.00063180923,0.04297
20220302,2.4830012,0.002188921,0.040875077
20220303,2.5613863,0.031568646,0.010596812
20220304,2.5462859,-0.005895436,0.016429722
20220307,2.5570235,0.0042170286,0.012282014
20220308,2.5415998,-0.0060319304,0.018239856
20220309,2.5024548,-0.015401721,0.03336066
20220310,2.5024548,0.0,0.03336066
20220311,2.5021455,-0.00012356043,0.033480108
20220314,2.455031,-0.018829703,0.051679373
20220315,2.4247894,-0.012318194,0.06336093
20220316,2.43051,0.002359271,0.061151206
20220317,2.4664385,0.0147823095,0.04727286
20220318,2.537705,0.028894424,0.019744337
20220321,2.5743334,0.014433742,0.0055956244
20220322,2.7319179,0.06121373,0.0
20220323,2.76338,0.011516571,0.0
20220324,2.683755,-0.028814375,0.028814375
20220325,2.664865,-0.0070385933,0.035650194
20220328,2.6686192,0.0014086962,0.034291685
20220329,2.667013,-0.0006018877,0.03487289
20220330,2.6735482,0.0024504662,0.032507956
20220331,2.5987198,-0.027988434,0.059586525
20220401,2.5986335,-3.3199787e-05,0.059617758
20220406,2.574982,-0.00910157,0.06817669
20220407,2.5179257,-0.022157907,0.088823915
20220408,2.4297657,-0.03501296,0.12072694
20220411,2.4117053,-0.007432997,0.12726253
20220412,2.3842876,-0.011368573,0.13718432
20220413,2.4245865,0.01690185,0.12260115
20220414,2.4834547,0.024279714,0.10129815
20220415,2.4577994,-0.010330498,0.11058217
20220418,2.506544,0.019832611,0.092942655
20220419,2.4751587,-0.012521386,0.10430032
20220420,2.4600558,-0.006101787,0.10976565
20220421,2.4087722,-0.020846546,0.12832391
20220422,2.4613504,0.021827817,0.10929716
20220425,2.3627877,-0.04004419,0.14496464
20220426,2.432715,0.029595256,0.11965966
20220427,2.410801,-0.00900805,0.12758982
20220428,2.3262987,-0.035051525,0.15816909
20220429,2.408401,0.035293102,0.12845826
20220505,2.4025898,-0.0024129152,0.13056123
20220506,2.389039,-0.0056400895,0.1354649
20220509,2.4232264,0.014310122,0.12309337
20220510,2.4815931,0.024086356,0.101971805
20220511,2.510092,0.011484146,0.09165877
20220512,2.4909542,-0.0076243877,0.098584294
20220513,2.5097392,0.007541299,0.091786444
20220516,2.5382118,0.01134491,0.08148289
20220517,2.4806743,-0.02266854,0.10230434
20220518,2.4530532,-0.011134505,0.11229974
20220519,2.447929,-0.002088964,0.1141541
20220520,2.4549575,0.002871275,0.11161065
20220523,2.524373,0.028275728,0.08649081
20220524,2.4957144,-0.0113527775,0.09686166
20220525,2.543707,0.019230008,0.07949436
20220526,2.4625816,-0.031892538,0.10885161
20220527,2.4267068,-0.014567971,0.12183386
20220530,2.3669596,-0.024620712,0.14345491
20220531,2.3657284,-0.00052016973,0.14390045
20220601,2.405037,0.016615868,0.12967569
20220602,2.382871,-0.009216487,0.13769698
20220606,2.4423115,0.024944901,0.11618686
20220607,2.4822752,0.016363025,0.10172498
20220608,2.4851096,0.0011417866,0.100699306
20220609,2.4274068,-0.023219407,0.12158054
20220610,2.4554644,0.011558652,0.11142719
20220613,2.4091618,-0.018856943,0.12818295
20220614,2.4855924,0.03172493,0.100524604
20220615,2.5092025,0.009498835,0.091980696
20220616,2.4664068,-0.017055511,0.10746741
20220617,2.4848647,0.007483721,0.10078794
20220620,2.5237446,0.015646696,0.08671826
20220621,2.5691047,0.017973304,0.07030356
20220622,2.5413456,-0.010804951,0.08034885
20220623,2.5108266,-0.012009025,0.091392934
20220624,2.498188,-0.0050336123,0.09596652
20220627,2.5669553,0.027526855,0.07108134
20220628,2.54709,-0.0077388287,0.07827008
20220629,2.52484,-0.008735418,0.08632177
20220630,2.5865088,0.024424791,0.064005435
20220701,2.5017798,-0.032758057,0.09466678
20220704,2.5330422,0.012496114,0.08335364
20220705,2.5399206,0.0027154684,0.08086455
20220706,2.634012,0.037045002,0.046815157
20220707,2.6500728,0.006097436,0.041003108
20220708,2.6423166,-0.0029268265,0.04380995
20220711,2.6693761,0.010240793,0.03401774
20220712,2.6888752,0.0073046684,0.026961505
20220713,2.6468284,-0.015637338,0.0421772
20220714,2.6755989,0.010869741,0.03176588
20220715,2.7191994,0.016295671,0.015987873
20220718,2.7399032,0.0076138973,0.008495688
20220719,2.8027074,0.022922039,0.0
20220720,2.823087,0.007271409,0.0
20220721,2.814761,-0.0029492974,0.0029492974
20220722,2.848001,0.01180923,0.0
20220725,2.8534687,0.0019198656,0.0
20220726,2.8929038,0.013820052,0.0
20220727,2.8646681,-0.00976032,0.00976032
20220728,2.9300532,0.022824645,0.0
20220729,2.8629382,-0.022905767,0.022905767
20220801,2.8628438,-3.296137e-05,0.022937953
20220802,2.8290207,-0.011814475,0.034481466
20220803,2.7852218,-0.015482008,0.049429595
20220804,2.7799726,-0.0018846989,0.051221132
20220805,2.793242,0.004773259,0.04669243
20220808,2.8172724,0.008603096,0.03849107
20220809,2.8150394,-0.00079262257,0.039253175
20220810,2.8108747,-0.0014794469,0.040674508
20220811,2.7992291,-0.0041430593,0.044649065
20220812,2.8223035,0.008243084,0.03677398
20220815,2.8266437,0.0015377998,0.035292685
20220816,2.8088846,-0.006282747,0.041353703
20220817,2.8515666,0.01519537,0.026786804
20220818,2.835945,-0.005478263,0.03211832
20220819,2.90063,0.022809029,0.0100418925
20220822,2.9819505,0.028035522,0.0
20220823,2.937354,-0.014955461,0.014955461
20220824,2.9262931,-0.0037656426,0.018664777
20220825,2.9262931,0.0,0.018664777
20220826,2.9262931,0.0,0.018664777
20220829,2.9262931,0.0,0.018664777
20220830,2.9574895,0.010660648,0.00820303
20220831,3.0243456,0.022605658,0.0
20220901,3.040502,0.005342126,0.0
20220902,3.0954878,0.018084407,0.0
20220905,3.0954878,0.0,0.0
20220906,3.0957716,9.1671944e-05,0.0
20220907,3.0603788,-0.011432588,0.011432588
20220908,3.1075282,0.01540637,0.0
20220909,3.0882998,-0.0061876774,0.0061876774
20220913,3.031151,-0.018504918,0.024578094
20220914,3.0923715,0.020197034,0.004877448
20220915,3.1211333,0.009300947,0.0
20220916,3.0481734,-0.023376107,0.023376107
20220919,3.0279188,-0.006644845,0.029865623
20220920,3.0279188,0.0,0.029865623
20220921,3.0828981,0.018157482,0.012250423
20220922,3.0644357,-0.0059886575,0.018165708
20220923,3.0776696,0.004318595,0.013925612
20220926,3.0238667,-0.017481744,0.031163871
20220927,3.0353074,0.0037834644,0.027498305
20220928,3.0362864,0.00032246113,0.027184665
20220929,3.0048685,-0.010347486,0.037250817
20220930,3.0048685,0.0,0.037250817
20221010,3.0012689,-0.0011979342,0.038404167
20221011,2.9591734,-0.014025867,0.051891387
20221012,3.1156993,0.05289507,0.0017410517
20221013,3.139057,0.0074967146,0.0
20221014,3.1557522,0.0053185225,0.0
20221017,3.1628175,0.0022388697,0.0
20221018,3.1709883,0.0025833845,0.0
20221019,3.2608032,0.028323889,0.0
20221020,3.279717,0.0058003664,0.0
20221021,3.2900927,0.0031635761,0.0
20221024,3.2962344,0.0018666983,0.0
20221025,3.1980531,-0.029785872,0.029785872
20221026,3.2286696,0.00957346,0.02049756
20221027,3.3135211,0.026280642,0.0
20221028,3.2283416,-0.025706649,0.025706649
20221031,3.2551057,0.00829041,0.017629385
20221101,3.2988837,0.013448954,0.004417479
20221102,3.385887,0.026373506,0.0
20221103,3.3733277,-0.0037092566,0.0037092566
20221104,3.40182,0.008446336,0.0
20221107,3.455952,0.015912652,0.0
20221108,3.4075391,-0.014008522,0.014008522
20221109,3.4075391,0.0,0.014008522
20221110,3.4067318,-0.00023692846,0.014242113
20221111,3.545851,0.040836573,0.0
20221114,3.545851,0.0,0.0
20221115,3.5906844,0.012643933,0.0
20221116,3.5545478,-0.010064006,0.010064006
20221117,3.5657039,0.0031385422,0.006957054
20221118,3.5585053,-0.0020188093,0.008961856
20221121,3.5461912,-0.0034604669,0.012391269
20221122,3.5606303,0.0040717125,0.008370042
20221123,3.5291038,-0.00885421,0.017150104
20221124,3.494013,-0.009943247,0.026922822
20221125,3.5215027,0.007867694,0.019266963
20221128,3.5587754,0.010584354,0.008886576
20221129,3.6154153,0.015915513,0.0
20221130,3.6446543,0.008087277,0.0
20221201,3.6608238,0.004436493,0.0
20221202,3.6759853,0.004141569,0.0
20221205,3.6960745,0.0054649115,0.0
20221206,3.705276,0.0024895668,0.0
20221207,3.737833,0.008786678,0.0
20221208,3.7179286,-0.0053251386,0.0053251386
20221209,3.7179286,0.0,0.0053251386
20221212,3.7228913,0.0013347864,0.003997445
20221213,3.7247531,0.00050008297,0.003499329
20221214,3.8604157,0.036421895,0.0
20221215,3.8380866,-0.0057840943,0.0057840943
20221216,3.828309,-0.0025475025,0.0083168745
20221219,3.8404033,0.0031591654,0.005183995
20221220,3.804583,-0.009327233,0.014462829
20221221,3.840388,0.009410977,0.0051879287
20221222,3.8024776,-0.009871542,0.015008271
20221223,3.8024776,0.0,0.015008271
20221226,3.8306708,0.00741446,0.0077050924
20221227,3.8340518,0.0008826256,0.006829262
20221228,3.8026447,-0.008191645,0.014964938
20221229,3.786482,-0.0042503476,0.019151747
20221230,3.784587,-0.0005005002,0.019642651
20230103,3.7673678,-0.0045498013,0.024103045
20230104,3.7673678,0.0,0.024103045
20230105,3.7673678,0.0,0.024103045
20230106,3.7673678,0.0,0.024103045
20230109,3.7673678,0.0,0.024103045
20230110,3.7104127,-0.015118003,0.038856685
20230111,3.7086134,-0.0004849434,0.039322793
20230112,3.73774,0.007853746,0.03177786
20230113,3.7015061,-0.00969404,0.04116386
20230116,3.656216,-0.0122356415,0.052895784
20230117,3.664008,0.0021312237,0.050877392
20230118,3.6558058,-0.0022385716,0.05300206
20230119,3.5915856,-0.017566621,0.0696376
20230120,3.6765907,0.023667812,0.047617912
20230130,3.6676793,-0.0024238229,0.04992634
20230131,3.6789172,0.0030640364,0.04701531
20230201,3.71841,0.010734916,0.036785066
20230202,3.7641222,0.012293458,0.024943829
20230203,3.732431,-0.008419335,0.033153117
20230206,3.7927272,0.016154647,0.017533958
20230207,3.7555513,-0.009801865,0.027163982
20230208,3.7555513,0.0,0.027163982
20230209,3.7555513,0.0,0.027163982
20230210,3.7555513,0.0,0.027163982
20230213,3.7692263,0.0036412477,0.023621678
20230214,3.8012962,0.008508325,0.015314281
20230215,3.8011696,-3.3318996e-05,0.015347064
20230216,3.764087,-0.009755611,0.024952948
20230217,3.764087,0.0,0.024952948
20230220,3.764087,0.0,0.024952948
20230221,3.764087,0.0,0.024952948
20230222,3.764087,0.0,0.024952948
20230223,3.764087,0.0,0.024952948
20230224,3.764087,0.0,0.024952948
20230227,3.764087,0.0,0.024952948
20230228,3.806192,0.011186004,0.014046073
20230301,3.7572773,-0.012851357,0.026716948
20230302,3.7504623,-0.001813829,0.028482258
20230303,3.7450438,-0.001444757,0.029885888
20230306,3.7723289,0.007285714,0.02281797
20230307,3.7723289,0.0,0.02281797
20230308,3.7580738,-0.0037788749,0.026510596
20230309,3.7359724,-0.005881071,0.03223574
20230310,3.7359724,0.0,0.03223574
20230313,3.7359724,0.0,0.03223574
20230314,3.7574122,0.005738735,0.02668196
20230315,3.7799675,0.006002903,0.020839274
20230316,3.7799675,0.0,0.020839274
20230317,3.7799675,0.0,0.020839274
20230320,3.7683418,-0.0030755997,0.023850799
20230321,3.773217,0.0012937784,0.022587895
20230322,3.773217,0.0,0.022587895
20230323,3.773217,0.0,0.022587895
20230324,3.773217,0.0,0.022587895
20230327,3.7504814,-0.006025493,0.028477311
20230328,3.7446659,-0.0015506148,0.029983759
20230329,3.7282674,-0.0043791533,0.034231603
20230330,3.7264848,-0.00047814846,0.03469342
20230331,3.7122533,-0.0038189888,0.038379908
20230403,3.7281904,0.004293084,0.03425157
20230404,3.6886494,-0.010605931,0.04449427
20230406,3.6886494,0.0,0.04449427
20230407,3.6886494,0.0,0.04449427
20230410,3.6372237,-0.013941586,0.05781555
20230411,3.6831288,0.012620926,0.045924306
20230412,3.6831288,0.0,0.045924306
20230413,3.6831288,0.0,0.045924306
20230414,3.6831288,0.0,0.045924306
20230417,3.6831288,0.0,0.045924306
20230418,3.6737566,-0.0025446415,0.048352063
20230419,3.6883519,0.003972888,0.04457134
20230420,3.677441,-0.0029582381,0.047397673
20230421,3.677441,0.0,0.047397673
20230424,3.677441,0.0,0.047397673
20230425,3.677441,0.0,0.047397673
20230426,3.6914785,0.0038172007,0.043761432
20230427,3.6990767,0.0020582676,0.041793168
20230428,3.7701058,0.019201875,0.02339381
20230504,3.7989528,0.0076514482,0.015921295
20230505,3.7965002,-0.0006455779,0.01655662
20230508,3.8309488,0.009073734,0.00763309
20230509,3.9190629,0.023000598,0.0
20230510,3.9024923,-0.0042281747,0.0042281747
20230511,4.056689,0.039512277,0.0
20230512,4.0258746,-0.0075958967,0.0075958967
20230515,4.0257792,-2.3663044e-05,0.007619381
20230516,4.0397334,0.0034662485,0.004179597
20230517,4.12104,0.0201267,0.0
20230518,4.086296,-0.008430839,0.008430839
20230519,4.124531,0.009356856,0.0
20230522,4.12326,-0.0003080964,0.0003080964
20230523,4.145385,0.0053658485,0.0
20230524,4.2056627,0.01454103,0.0
20230525,4.231726,0.006197214,0.0
20230526,4.152808,-0.018649101,0.018649101
20230529,4.100075,-0.012698233,0.031110585
20230530,4.0951424,-0.0012030005,0.032276154
20230531,4.0891595,-0.0014609694,0.033689976
20230601,4.1050243,0.0038797855,0.029940963
20230602,4.106859,0.00044703484,0.029507339
20230605,4.131885,0.0060936213,0.023593485
20230606,4.1922674,0.014613748,0.009324491
20230607,4.129593,-0.014950037,0.024135113
20230608,4.1402373,0.0025775433,0.021619737
20230609,4.1402373,0.0,0.021619737
20230612,4.251965,0.026985765,0.0
20230613,4.176809,-0.017675638,0.017675638
20230614,4.19077,0.0033426285,0.0143921375
20230615,4.198149,0.0017608404,0.012656689
20230616,4.198149,0.0,0.012656689
20230619,4.2482295,0.011929154,0.00087857246
20230620,4.295928,0.011227846,0.0
20230621,4.2635994,-0.0075253844,0.0075253844
20230626,4.401394,0.03231883,0.0
20230627,4.312604,-0.020173132,0.020173132
20230628,4.3962646,0.019399047,0.00116539
20230629,4.425593,0.0066711903,0.0
20230630,4.506664,0.018318653,0.0
20230703,4.601657,0.021078348,0.0
20230704,4.7152987,0.024695873,0.0
20230705,4.6568055,-0.012404978,0.012404978
20230706,4.6568055,0.0,0.012404978
20230707,4.71086,0.011607528,0.00094139576
20230710,4.5926013,-0.02510339,0.026021123
20230711,4.630612,0.008276463,0.017960012
20230712,4.5453873,-0.018404603,0.036034048
20230713,4.5821257,0.008082509,0.028242767
20230714,4.570591,-0.0025173426,0.030689001
20230717,4.6411505,0.015437722,0.015725017
20230718,4.65301,0.0025552511,0.013209939
20230719,4.6808386,0.0059808493,0.0073081255
20230720,4.671035,-0.0020944476,0.009387255
20230721,4.6476793,-0.005000055,0.014340401
20230724,4.604302,-0.009333134,0.023539722
20230725,4.628175,0.005184889,0.018476844
20230726,4.7576237,0.027969718,0.0
20230727,4.6566796,-0.021217346,0.021217346
20230728,4.6566796,0.0,0.021217346
20230731,4.6566796,0.0,0.021217346
20230801,4.6315246,-0.0054019094,0.026504636
20230802,4.6243725,-0.0015442371,0.028007925
20230803,4.6243725,0.0,0.028007925
20230804,4.6243725,0.0,0.028007925
20230807,4.6243725,0.0,0.028007925
20230808,4.6243725,0.0,0.028007925
20230809,4.627329,0.0006393194,0.027386546
20230810,4.782829,0.03360474,0.0
20230811,4.953879,0.035763383,0.0
20230814,4.985427,0.0063683987,0.0
20230815,5.0305595,0.009052873,0.0
20230816,5.0384665,0.0015717745,0.0
20230817,5.00939,-0.0057709217,0.0057709217
20230818,4.991095,-0.0036520958,0.009401917
20230821,4.991095,0.0,0.009401917
20230822,4.991095,0.0,0.009401917
20230823,4.9880514,-0.0006098151,0.0100060105
20230824,5.084851,0.0194062,0.0
20230825,4.898183,-0.03671062,0.03671062
20230828,4.9060926,0.001614809,0.035155058
20230829,4.9060926,0.0,0.035155058
20230830,4.9060926,0.0,0.035155058
20230831,5.008886,0.020952106,0.014939487
20230901,4.9520183,-0.011353314,0.026123166
20230904,4.955446,0.00069212914,0.025449157
20230905,4.955446,0.0,0.025449157
20230906,4.9524417,-0.00060623884,0.026039898
20230907,4.8883843,-0.012934506,0.03863758
20230908,4.8883843,0.0,0.03863758
20230911,4.81723,-0.014555752,0.05263096
20230912,4.9733167,0.03240168,0.021934569
20230913,4.8557606,-0.023637354,0.045053482
20230914,4.769465,-0.01777178,0.062024593
20230915,4.769465,0.0,0.062024593
20230918,4.831309,0.012966633,0.049862206
20230919,4.7819977,-0.01020658,0.05955988
20230920,4.796844,0.0031046867,0.05664015
20230921,4.814899,0.003763914,0.05308944
20230922,4.814899,0.0,0.05308944
20230925,4.814899,0.0,0.05308944
20230926,4.814899,0.0,0.05308944
20230927,5.0813017,0.055328846,0.0006979704
20230928,5.2589974,0.034970522,0.0
20231009,5.4835005,0.042689323,0.0
20231010,5.7072,0.040795088,0.0
20231011,5.884259,0.03102386,0.0
20231012,5.8339877,-0.008543372,0.008543372
20231013,5.9114757,0.01328218,0.0
20231016,5.86789,-0.0073730946,0.0073730946
20231017,6.013986,0.024897575,0.0
20231018,5.9265676,-0.014535904,0.014535904
20231019,5.9265676,0.0,0.014535904
20231020,5.94119,0.0024672747,0.012104511
20231023,5.840548,-0.01693964,0.028839111
20231024,5.8665824,0.0044574738,0.024510145
20231025,5.8665824,0.0,0.024510145
20231026,5.8850074,0.003140688,0.021446466
20231027,5.825856,-0.010051191,0.031282067
20231030,5.7852373,-0.0069721937,0.038036108
20231031,5.7368474,-0.008364379,0.046082377
20231101,5.743316,0.0011276007,0.045006752
20231102,5.7298055,-0.0023524165,0.04725331
20231103,5.702534,-0.00475955,0.051787913
20231106,5.7822986,0.013987541,0.038524806
20231107,5.7925477,0.0017725229,0.03682059
20231108,5.736169,-0.009733021,0.04619521
20231109,5.680665,-0.009676099,0.055424333
20231110,5.6327887,-0.008427978,0.06338513
20231113,5.663377,0.0054303408,0.058299005
20231114,5.779419,0.020489931,0.03900361
20231115,5.6905775,-0.015372038,0.053776085
20231116,5.7546487,0.011259198,0.04312241
20231117,5.9210362,0.028913617,0.015455604
20231120,6.156479,0.03976381,0.0
20231121,6.0617375,-0.015388906,0.015388906
20231122,5.982434,-0.013082683,0.028270245
20231123,6.3231993,0.05696106,0.0
20231124,6.452111,0.020387053,0.0
20231127,6.452111,0.0,0.0
20231128,6.452111,0.0,0.0
20231129,6.474937,0.003537774,0.0
20231130,6.426268,-0.0075165033,0.0075165033
20231201,6.4061637,-0.003128469,0.0106214285
20231204,6.37714,-0.0045306087,0.015103936
20231205,6.2597075,-0.018414617,0.033240378
20231206,6.2597075,0.0,0.033240378
20231207,6.2597075,0.0,0.033240378
20231208,6.3320513,0.011557102,0.022067487
20231211,6.418532,0.01365757,0.008711278
20231212,6.4085436,-0.0015561581,0.010253906
20231213,6.35806,-0.007877588,0.01805067
20231214,6.325865,-0.005063653,0.02302295
20231215,6.2786164,-0.007469058,0.030320048
20231218,6.197615,-0.012901127,0.04283005
20231219,6.1284633,-0.011157811,0.05350995
20231220,6.1284633,0.0,0.05350995
20231221,6.2317595,0.01685512,0.037556708
20231222,6.154963,-0.012323439,0.049417317
20231225,6.154963,0.0,0.049417317
20231226,6.201274,0.0075241327,0.042264998
20231227,6.1978493,-0.00055223703,0.04279387
20231228,6.204262,0.0010346174,0.04180354
20231229,6.2463026,0.0067760944,0.035310686
20240102,6.141609,-0.016760886,0.051479697
20240103,6.122139,-0.0031701922,0.054486692
20240104,6.111,-0.0018194318,0.056207
20240105,6.013424,-0.01596731,0.07127684
20240108,5.9297256,-0.013918579,0.08420336
20240109,5.8221493,-0.018141866,0.10081762
20240110,5.9241896,0.017526269,0.08505833
20240111,6.249575,0.054924965,0.03480524
20240112,6.104443,-0.023222685,0.057219684
20240115,6.0030065,-0.016616821,0.07288575
20240116,5.9311857,-0.011964142,0.08397782
20240117,5.867566,-0.010726273,0.093803346
20240118,5.919415,0.008836508,0.08579576
20240119,5.8307724,-0.014974892,0.099485815
20240122,5.767715,-0.010814607,0.10922456
20240123,6.5386395,0.13366199,0.0
20240124,6.5444407,0.00088727474,0.0
20240125,6.850651,0.04678929,0.0
20240126,7.04426,0.028261423,0.0
20240129,6.575016,-0.066613674,0.066613674
20240130,6.376919,-0.030128777,0.09473544
20240131,6.504807,0.020054817,0.076580524
20240201,6.6084,0.015925646,0.06187451
20240202,6.675106,0.010094166,0.05240494
20240205,6.2774987,-0.059565723,0.10884911
20240206,6.2745934,-0.00046283007,0.10926151
20240207,6.2734694,-0.00017911196,0.109421074
20240208,6.6053724,0.052905798,0.06230426
20240219,7.273954,0.101217866,0.0
20240220,8.026791,0.103497624,0.0
20240221,8.927596,0.11222482,0.0
20240222,9.0841675,0.017537951,0.0
20240223,9.424433,0.03745699,0.0
20240226,9.906724,0.05117452,0.0
20240227,9.502064,-0.040847003,0.040847003
20240228,9.131581,-0.038989663,0.07824409
20240229,9.292645,0.017638087,0.06198603
20240301,9.185339,-0.011547446,0.07281774
20240304,9.055883,-0.014093697,0.08588517
20240305,8.939902,-0.01280725,0.09759247
20240306,8.863598,-0.008535266,0.105294764
20240307,8.960409,0.010922313,0.09552246
20240308,8.961409,0.000111579895,0.09542161
20240311,9.003401,0.0046858788,0.09118283
20240312,8.966734,-0.004072547,0.09488404
20240313,8.865948,-0.0112400055,0.10505754
20240314,9.016765,0.017010808,0.089833856
20240315,9.055616,0.00430882,0.08591211
20240318,9.026876,-0.003173709,0.088813186
20240319,8.978471,-0.0053623915,0.093699336
20240320,9.213793,0.026209593,0.069945514
20240321,9.311043,0.0105547905,0.060128987
20240322,9.311043,0.0,0.060128987
20240325,9.208033,-0.011063218,0.07052696
20240326,9.320046,0.012164831,0.059220135
20240327,9.176526,-0.015399098,0.07370728
20240328,9.3215885,0.015807986,0.059064448
20240329,9.19558,-0.013517976,0.07178402
20240401,9.215499,0.002166152,0.06977332
20240402,9.108028,-0.011661947,0.08062154
20240403,9.160545,0.005766034,0.07532042
20240408,9.208432,0.0052275658,0.070486665
20240409,9.026376,-0.019770622,0.08886373
20240410,8.986858,-0.0043780208,0.09285265
20240411,9.021998,0.003910184,0.08930558
20240412,8.797759,-0.02485472,0.11194062
20240415,8.636751,-0.01830101,0.12819302
20240416,8.200497,-0.05051142,0.17222923
20240417,8.203763,0.00039827824,0.1718995
20240418,8.298164,0.011507034,0.1623705
20240419,8.308525,0.0012485981,0.16132468
20240422,8.273921,-0.0041648746,0.16481763
20240423,8.289266,0.0018545389,0.16326874
20240424,8.382004,0.011187792,0.1539076
20240425,8.710572,0.039199233,0.12074143
20240426,8.586566,-0.014236271,0.13325876
20240429,8.487425,-0.011546075,0.14326626
20240430,8.289436,-0.023327291,0.16325152
20240506,8.408496,0.014362812,0.15123343
20240507,8.418275,0.0011630058,0.15024632
20240508,8.27307,-0.01724875,0.16490352
20240509,8.28654,0.0016281605,0.16354388
20240510,8.206597,-0.00964731,0.1716134
20240513,8.026477,-0.021948278,0.18979502
20240514,8.116311,0.011192203,0.18072706
20240515,8.286592,0.02098,0.1635387
20240516,8.215631,-0.00856334,0.17070156
20240517,8.224944,0.0011336803,0.16976148
20240520,7.992085,-0.028311312,0.19326663
20240521,8.141568,0.018703938,0.17817754
20240522,8.095633,-0.005642116,0.18281436
20240523,8.095633,0.0,0.18281436
20240524,8.095633,0.0,0.18281436
20240527,7.925594,-0.021003783,0.19997835
20240528,8.049842,0.015676856,0.18743652
20240529,8.111318,0.0076369047,0.18123108
20240530,8.2540245,0.017593503,0.16682601
20240531,8.6997175,0.05399704,0.12183708
20240603,8.347138,-0.04052764,0.15742695
20240604,8.3920555,0.0053811073,0.15289295
20240605,8.753347,0.0430516,0.11642361
20240606,8.441414,-0.03563589,0.14791065
20240607,8.441414,0.0,0.14791065
20240611,8.85132,0.04855895,0.106534064
20240612,8.683432,-0.018967628,0.123481035
20240613,8.854213,0.019667506,0.10624212
20240614,8.9553795,0.011425853,0.096030176
20240617,9.287642,0.037101984,0.06249112
20240618,9.201965,-0.009224772,0.071139395
20240619,9.511936,0.033685327,0.039850473
20240620,9.038902,-0.04973054,0.08759928
20240621,9.17255,0.014785886,0.07410866
20240624,8.680472,-0.053646803,0.123779714
20240625,8.79198,0.012845755,0.11252397
20240626,8.715968,-0.008645594,0.12019676
20240627,8.670338,-0.0052352548,0.12480277
20240628,8.670045,-3.3795834e-05,0.12483227
20240701,8.639221,-0.0035551786,0.1279437
20240702,8.58872,-0.0058455467,0.13304132
20240703,8.688859,0.011659265,0.12293315
20240704,8.534369,-0.017780185,0.13852757
20240705,8.552237,0.0020935535,0.13672405
20240708,8.523299,-0.0033835769,0.13964504
20240709,8.42279,-0.011792362,0.14979064
20240710,8.482897,0.0071362257,0.14372331
20240711,8.562802,0.00941956,0.13565755
20240712,8.5628,-2.3841858e-07,0.13565773
20240715,8.518953,-0.005120635,0.14008373
20240716,8.538031,0.0022393465,0.13815802
20240717,8.538026,-5.364418e-07,0.1381585
20240718,8.59507,0.006681204,0.1324004
20240719,8.49777,-0.011320412,0.14222193
20240722,8.482673,-0.0017766356,0.14374596
20240723,8.467569,-0.00178051,0.14527047
20240724,8.337415,-0.015370965,0.15840852
20240725,8.44362,0.012738347,0.14768797
20240726,8.421681,-0.002598226,0.14990246
20240729,8.725655,0.03609407,0.119218946
20240730,8.812809,0.009988308,0.11042148
20240731,8.81263,-2.0325184e-05,0.11043954
20240801,8.75795,-0.0062047243,0.11595905
20240802,8.839219,0.0092794895,0.1077556
20240805,8.718134,-0.0136986375,0.11997813
20240806,8.750796,0.0037465096,0.1166811
20240807,8.811867,0.0069788694,0.11051655
20240808,8.9673195,0.017641306,0.09482491
20240809,8.92642,-0.0045609474,0.09895337
20240812,8.818538,-0.012085736,0.109843194
20240813,8.742646,-0.008605897,0.11750382
20240814,8.839549,0.0110839605,0.10772228
20240815,8.961984,0.013850808,0.09536356
20240816,9.046032,0.009378314,0.08687955
20240819,8.972535,-0.008124769,0.09429848
20240820,8.752662,-0.024505138,0.11649281
20240821,8.626665,-0.014395237,0.12921113
20240822,8.550963,-0.008775294,0.13685256
20240823,8.506996,-0.0051417947,0.14129066
20240826,8.512955,0.0007004738,0.1406892
20240827,8.385527,-0.014968693,0.153552
20240828,8.414595,0.003466487,0.15061784
20240829,8.41432,-3.2663345e-05,0.15064555
20240830,8.437302,0.002731204,0.14832574
20240902,8.393456,-0.0051965714,0.15275156
20240903,8.404071,0.0012645721,0.15168011
20240904,8.539667,0.01613462,0.1379928
20240905,8.589945,0.0058875084,0.1329177
20240906,8.551614,-0.0044623017,0.13678694
20240909,8.557673,0.00070858,0.13617522
20240910,8.878472,0.037486672,0.10379332
20240911,8.561719,-0.03567654,0.13576686
20240912,8.516188,-0.005317986,0.14036286
20240913,8.398258,-0.013847709,0.15226686
20240918,8.712841,0.037458062,0.12051237
20240919,8.888979,0.020215869,0.10273278
20240920,9.267885,0.0426265,0.06448537
20240923,9.5163765,0.026812077,0.039402306
20240924,9.577022,0.00637269,0.03328067
20240925,9.61327,0.003784895,0.02962172
20240926,9.802378,0.01967156,0.010532856
20240927,9.897989,0.0097539425,0.0008816719
20240930,9.898014,2.503395e-06,0.0008791685
20241008,9.898038,2.3841858e-06,0.0008767843
20241009,9.898002,-3.6358833e-06,0.0008804202
20241010,9.897991,-1.0728836e-06,0.0008814931
20241011,9.957602,0.0060224533,0.0
20241014,10.053185,0.00959909,0.0
20241015,10.080052,0.0026724339,0.0
20241016,10.335557,0.02534759,0.0
20241017,10.3355465,-1.013279e-06,1.013279e-06
20241018,10.335553,5.9604645e-07,3.5762787e-07
20241021,10.335557,3.5762787e-07,0.0
20241022,10.335559,2.3841858e-07,0.0
20241023,10.41282,0.007475257,0.0
20241024,10.352775,-0.0057664514,0.0057664514
20241025,10.411178,0.005641341,0.00015771389
20241028,10.4375305,0.0025311708,0.0
20241029,10.437546,1.4305115e-06,0.0
20241030,10.437545,-1.1920929e-07,1.1920929e-07
20241031,10.5458975,0.010381103,0.0
20241101,10.491189,-0.0051876307,0.0051876307
20241104,10.49121,2.026558e-06,0.0051856637
20241105,10.491213,2.3841858e-07,0.0051853657
20241106,10.491229,1.5497208e-06,0.0051838756
20241107,10.491237,7.1525574e-07,0.0051831603
20241108,10.491246,9.536743e-07,0.0051822066
20241111,10.491262,1.5497208e-06,0.0051807165
20241112,10.491269,5.9604645e-07,0.005180061
20241113,10.491255,-1.3709068e-06,0.005181432
20241114,10.491222,-3.0994415e-06,0.0051844716
20241115,10.491203,-1.847744e-06,0.0051863194
20241118,10.491177,-2.5629997e-06,0.0051888227
20241119,10.689209,0.018876076,0.0
20241120,10.641052,-0.0045051575,0.0045051575
20241121,10.641064,1.0728836e-06,0.0045040846
20241122,10.641054,-8.940697e-07,0.0045049787
20241125,10.641056,2.3841858e-07,0.0045048
20241126,10.641065,8.34465e-07,0.004504025
20241127,10.958231,0.029805899,0.0
20241128,10.707975,-0.022837222,0.022837222
20241129,10.707985,8.34465e-07,0.022836328
20241202,10.707996,1.0728836e-06,0.022835314
20241203,10.707998,1.1920929e-07,0.022835135
20241204,10.707984,-1.3113022e-06,0.022836447
20241205,10.708009,2.2649765e-06,0.022834182
20241206,10.708034,2.2649765e-06,0.022831917
20241209,10.708033,-5.9604645e-08,0.022831976
20241210,10.708061,2.6226044e-06,0.022829413
20241211,10.708069,7.1525574e-07,0.022828698
20241212,10.70805,-1.7881393e-06,0.022830427
20241213,10.708025,-2.3245811e-06,0.022832692
20241216,10.708048,2.1457672e-06,0.022830606
20241217,10.708033,-1.4305115e-06,0.022831976
20241218,10.708058,2.3841858e-06,0.022829652
20241219,10.708048,-9.536743e-07,0.022830606
20241220,10.708053,4.7683716e-07,0.022830188
20241223,10.70801,-3.993511e-06,0.022834063
20241224,10.707988,-2.026558e-06,0.02283609
20241225,10.707976,-1.0728836e-06,0.022837162
20241226,10.707975,-5.9604645e-08,0.022837222
20241227,10.707981,4.7683716e-07,0.022836685
20241230,11.058346,0.03271997,0.0
20241231,10.89182,-0.0150588155,0.0150588155
20250102,11.18786,0.027179956,0.0
20250103,10.797235,-0.03491509,0.03491509
20250106,10.797233,-1.7881393e-07,0.03491527
20250107,10.869789,0.006719947,0.028429985
20250108,10.803754,-0.006075144,0.034332395
20250109,10.766281,-0.0034685135,0.03768176
20250110,10.6249485,-0.013127327,0.050314426
20250113,10.685073,0.0056587458,0.044940352
20250114,10.790568,0.009873152,0.035510898
20250115,10.790574,4.7683716e-07,0.03551042
20250116,10.817878,0.0025303364,0.03306991
20250117,10.762191,-0.0051476955,0.038047373
20250120,10.685818,-0.00709641,0.044873834
20250121,10.707175,0.001998663,0.042964816
20250122,10.707169,-5.9604645e-07,0.042965412
20250123,10.707164,-4.172325e-07,0.04296583
20250124,10.725332,0.001696825,0.0413419
20250127,10.493488,-0.021616459,0.062064707
20250205,10.493503,1.3113022e-06,0.062063456
20250206,10.501814,0.0007920265,0.061320543
20250207,10.631207,0.012321115,0.049755037
20250210,10.838878,0.019533992,0.031192899
20250211,10.728269,-0.010204852,0.041079402
20250212,10.728275,5.9604645e-07,0.041078806
20250213,10.810353,0.007650614,0.033742487
20250214,10.736725,-0.0068109035,0.040323615
20250217,10.736732,5.9604645e-07,0.04032302
20250218,10.527535,-0.019484162,0.059021473
20250219,10.598116,0.0067043304,0.052712798
20250220,10.51682,-0.0076708198,0.05997926
20250221,10.73909,0.021134734,0.040112197
20250224,10.723828,-0.0014211535,0.04147631
20250225,10.663882,-0.005589962,0.04683447
20250226,10.66387,-1.1920929e-06,0.04683554
20250227,10.730923,0.006287813,0.040842175
20250228,10.8364525,0.00983417,0.03140968
20250303,10.959301,0.011336565,0.020429134
20250304,10.774154,-0.016894102,0.036978126
20250305,10.731779,-0.0039330125,0.040765643
20250306,10.758179,0.002460003,0.038406014
20250307,10.758167,-1.0728836e-06,0.038407028
20250310,10.782287,0.002241969,0.036251187
20250311,10.716655,-0.006087005,0.042117536
20250312,10.716677,2.026558e-06,0.04211557
20250313,10.716673,-3.5762787e-07,0.042115867
20250314,10.716678,4.7683716e-07,0.04211545
20250317,,0.0,
20250318,10.716675,-2.3841858e-07,0.04211569
20250319,10.621187,-0.008910179,0.050650656
20250320,10.674465,0.0050162077,0.045888543
20250321,10.596444,-0.007309139,0.052862227
20250324,10.254437,-0.032275617,0.08343172
20250325,10.2544155,-2.1457672e-06,0.08343363
